metric,value
legacy_mean,1.263822346518455
shadow_mean,8.055100673401611
legacy_p50,0.05994540882321213
shadow_p50,10.277171407455455
