model,mean,p50,p90,p95,p99,max,flat_share,tiny_share_le_1
legacy,0.9135693365803513,0.04399030803801959,2.1467502089279615,2.766881124956563,6.236140509336825,88.71583002634459,0.005607476635514018,0.6341121495327103
shadow_4b7,2.1391916353505875,1.641980927000768,4.1447461244363675,5.194312249610334,11.799684528750225,53.41860480560158,0.002803738317757009,0.3397196261682243
