slice_dimension,slice_value,row_count,legacy_mae,shadow_4b7_mae,shadow_4b7_max
promo_type,normal catalogue,1074,0.649381373374729,1.760789465832843,26.29109545616915
promo_type,sales event,546,0.7627690484422811,1.4935113372054203,23.363773907444653
promo_type,online promotion,358,0.566260785552997,1.5792898884111473,14.694627505807905
promo_type,newlines,162,0.5211545616695649,1.2357064049612934,53.41860480560158
