target_quality_label,row_count,share,legacy_mae,shadow_4b7_mae
CLEAN_REALIZED_DEMAND,586,0.2738317757009346,0.49183701614269526,0.6353741509227556
INSUFFICIENT_EVIDENCE,286,0.1336448598130841,0.09561133719969747,0.760127797209649
INVENTORY_INTEGRITY_CONTAMINATED,10,0.004672897196261682,4.253149265156575,2.996382922847678
STOCK_CONSTRAINED_REPAIRED,1258,0.5878504672897197,0.8290644428633451,2.267428984421607
