slice,legacy_weighted_mae,shadow_4b7_weighted_mae,prior_shadow_weighted_mae,delta_4b7_minus_legacy,delta_4b7_minus_prior_shadow
clean,0.4896121354800701,0.6335155696757488,,0.14390343419567875,
repaired,0.8290644428633452,2.267428984421607,8.082,1.4383645415582618,-5.814571015578394
clean_repaired,0.5915957769364341,1.1244017302227165,3.63,0.5328059532862824,-2.505598269777283
