metric,value
legacy_flat_share,0.007476635514018692
shadow_flat_share,0.02149532710280374
legacy_tiny_share_le_1,0.7116822429906542
shadow_tiny_share_le_1,0.3252336448598131
flat_share_improvement_pp,-0.014018691588785048
tiny_share_improvement_pp,0.3864485981308411
