model,mean,p50,p90,p95,p99,max,flat_share,tiny_share_le_1
legacy,0.7631543755852631,0.014327596906871827,1.7113149991576544,2.2267079855791425,8.849921778309977,91.7292278313115,0.007476635514018692,0.7116822429906542
shadow,6.030871157798758,5.456578726887792,10.783206697892377,14.130807929862021,37.20502010756889,117.41583258610834,0.02149532710280374,0.3252336448598131
