target_quality_label,row_count,legacy_mae,shadow_mae
CLEAN_REALIZED_DEMAND,711,0.377287280006215,0.5036432265868038
INSUFFICIENT_EVIDENCE,39,0.5608705087134742,5.342275080181501
INVENTORY_INTEGRITY_CONTAMINATED,10,3.841841740844069,5.131536256473918
STOCK_CONSTRAINED_REPAIRED,1380,0.8367414520897413,8.131663734971944
