slice,legacy_weighted_mae,shadow_weighted_mae,delta_shadow_minus_legacy
clean,0.3751950119852983,0.5017463595170002,0.12655134753170189
repaired,0.9438956800656012,8.0821111825374,7.138215502471798
clean_repaired,0.6098510015786709,3.629539430393911,3.01968842881524
