stat,value
count,2140.0
mean,51.9892523364486
std,13.26591333696023
min,0.0
25%,45.0
50%,55.0
75%,60.0
max,70.0
