stat,value
count,3531.0
mean,79.9773435287454
std,0.6728627863564397
min,60.0
25%,80.0
50%,80.0
75%,80.0
max,80.0
