stat,value
count,3531.0
mean,65.99801755876523
std,13.271740260916529
min,44.0
25%,50.0
50%,70.0
75%,80.0
max,80.0
